Tiempo,Temperatura,Temp ajustada,Cmd 
1117,34.94,"34,94",50.00
1118,34.94,"34,94",50.00
1119,34.94,"34,94",50.00
1120,34.94,"34,94",50.00
1121,34.94,"34,94",50.00
1122,34.94,"34,94",50.00
1123,34.94,"34,94",50.00
1124,34.94,"34,94",50.00
1125,34.94,"34,94",50.00
1126,35.00,"35,00",50.00
1127,35.00,"35,00",50.00
1128,35.00,"35,00",50.00
1129,34.94,"34,94",50.00
1130,34.94,"34,94",50.00
1131,34.94,"34,94",50.00
1132,35.00,"35,00",50.00
1133,35.00,"35,00",50.00
1134,35.00,"35,00",50.00
1135,34.94,"34,94",50.00
1136,34.94,"34,94",50.00
1137,34.94,"34,94",50.00
1138,35.00,"35,00",50.00
1139,34.94,"34,94",50.00
1140,34.94,"34,94",50.00
1141,34.94,"34,94",50.00
1142,34.94,"34,94",50.00
1143,34.94,"34,94",50.00
1144,35.00,"35,00",50.00
1145,35.00,"35,00",50.00
1146,35.00,"35,00",50.00
1147,35.00,"35,00",50.00
1148,35.00,"35,00",50.00
1149,35.00,"35,00",50.00
1150,35.00,"35,00",50.00
1151,35.00,"35,00",50.00
1152,34.94,"34,94",50.00
1153,34.94,"34,94",50.00
1154,35.00,"35,00",50.00
1155,35.00,"35,00",50.00
1156,34.94,"34,94",50.00
1157,34.94,"34,94",50.00
1158,35.00,"35,00",50.00
1159,34.94,"34,94",50.00
1160,35.00,"35,00",50.00
1161,34.94,"34,94",50.00
1162,34.94,"34,94",50.00
1163,35.00,"35,00",50.00
1164,35.00,"35,00",50.00
1165,34.94,"34,94",50.00
1166,35.00,"35,00",50.00
1167,35.00,"35,00",50.00
1168,34.94,"34,94",50.00
1169,35.00,"35,00",50.00
1170,35.00,"35,00",50.00
1171,35.00,"35,00",50.00
1172,35.00,"35,00",50.00
1173,34.94,"34,94",50.00
1174,34.94,"34,94",50.00
1175,34.94,"34,94",50.00
1176,34.94,"34,94",50.00
1177,34.94,"34,94",50.00
1178,34.94,"34,94",50.00
1179,35.00,"35,00",50.00
1180,35.00,"35,00",50.00
1181,35.00,"35,00",50.00
1182,35.00,"35,00",50.00
1183,35.00,"35,00",50.00
1184,34.94,"34,94",50.00
1185,34.94,"34,94",50.00
1186,34.94,"34,94",50.00
1187,34.94,"34,94",50.00
1188,35.00,"35,00",50.00
1189,34.94,"34,94",50.00
1190,34.94,"34,94",50.00
1191,35.00,"35,00",50.00
1192,34.94,"34,94",50.00
1193,35.00,"35,00",50.00
1194,35.00,"35,00",50.00
1195,35.00,"35,00",50.00
1196,35.00,"35,00",50.00
1197,35.00,"35,00",50.00
1198,35.00,"35,00",50.00
1199,35.00,"35,00",50.00
1200,35.00,"35,00",50.00
1201,35.00,"35,00",50.00
1202,35.00,"35,00",50.00
1203,35.00,"35,00",50.00
1204,35.00,"35,00",50.00
1205,35.00,"35,00",50.00
1206,35.00,"35,00",50.00
1207,35.00,"35,00",55.00
1208,34.94,"34,94",55.00
1209,35.00,"35,00",55.00
1210,35.00,"35,00",55.00
1211,35.06,"35,06",55.00
1212,35.06,"35,06",55.00
1213,35.06,"35,06",55.00
1214,35.13,"35,13",55.00
1215,35.13,"35,13",55.00
1216,35.13,"35,13",55.00
1217,35.19,"35,19",55.00
1218,35.25,"35,25",55.00
1219,35.25,"35,25",55.00
1220,35.25,"35,25",55.00
1221,35.25,"35,25",55.00
1222,35.31,"35,31",55.00
1223,35.31,"35,31",55.00
1224,35.38,"35,38",55.00
1225,35.38,"35,38",55.00
1226,35.38,"35,38",55.00
1227,35.44,"35,44",55.00
1228,35.44,"35,44",55.00
1229,35.44,"35,44",55.00
1230,35.44,"35,44",55.00
1231,35.50,"35,50",55.00
1232,35.50,"35,50",55.00
1233,35.50,"35,50",55.00
1234,35.50,"35,50",55.00
1235,35.56,"35,56",55.00
1236,35.56,"35,56",55.00
1237,35.56,"35,56",55.00
1238,35.63,"35,63",55.00
1239,35.63,"35,63",55.00
1240,35.63,"35,63",55.00
1241,35.69,"35,69",55.00
1242,35.69,"35,69",55.00
1243,35.69,"35,69",55.00
1244,35.69,"35,69",55.00
1245,35.69,"35,69",55.00
1246,35.69,"35,69",55.00
1247,35.69,"35,69",55.00
1248,35.75,"35,75",55.00
1249,35.75,"35,75",55.00
1250,35.81,"35,81",55.00
1251,35.81,"35,81",55.00
1252,35.81,"35,81",55.00
1253,35.81,"35,81",55.00
1254,35.81,"35,81",55.00
1255,35.81,"35,81",55.00
1256,35.81,"35,81",55.00
1257,35.81,"35,81",55.00
1258,35.88,"35,88",55.00
1259,35.81,"35,81",55.00
1260,35.88,"35,88",55.00
1261,35.81,"35,81",55.00
1262,35.88,"35,88",55.00
1263,35.94,"35,94",55.00
1264,35.88,"35,88",55.00
1265,35.94,"35,94",55.00
1266,35.94,"35,94",55.00
1267,35.94,"35,94",55.00
1268,35.94,"35,94",55.00
1269,35.94,"35,94",55.00
1270,35.94,"35,94",55.00
1271,35.94,"35,94",55.00
1272,35.94,"35,94",55.00
1273,35.94,"35,94",55.00
1274,35.94,"35,94",55.00
1275,36.00,"36,00",55.00
1276,36.00,"36,00",55.00
1277,36.00,"36,00",55.00
1278,36.00,"36,00",55.00
1279,36.00,"36,00",55.00
1280,36.00,"36,00",55.00
1281,36.00,"36,00",55.00
1282,36.00,"36,00",55.00
1283,36.00,"36,00",55.00
1284,36.00,"36,00",55.00
1285,36.00,"36,00",55.00
1286,36.06,"36,06",55.00
1287,36.06,"36,06",55.00
1288,36.00,"36,00",55.00
1289,36.06,"36,06",55.00
1290,36.06,"36,06",55.00
1291,36.06,"36,06",55.00
1292,36.06,"36,06",55.00
1293,36.13,"36,13",55.00
1294,36.06,"36,06",55.00
1295,36.06,"36,06",55.00
1296,36.13,"36,13",55.00
1297,36.13,"36,13",55.00
1298,36.06,"36,06",55.00
1299,36.13,"36,13",55.00
1300,36.13,"36,13",55.00
1301,36.13,"36,13",55.00
1302,36.13,"36,13",55.00
1303,36.13,"36,13",55.00
1304,36.13,"36,13",55.00
1305,36.13,"36,13",55.00
1306,36.13,"36,13",55.00
1307,36.13,"36,13",55.00
1308,36.13,"36,13",55.00
1309,36.13,"36,13",55.00
1310,36.13,"36,13",55.00
1311,36.13,"36,13",55.00
1312,36.19,"36,19",55.00
1313,36.19,"36,19",55.00
1314,36.13,"36,13",55.00
1315,36.19,"36,19",55.00
1316,36.13,"36,13",55.00
1317,36.13,"36,13",55.00
1318,36.19,"36,19",55.00
1319,36.13,"36,13",55.00
1320,36.19,"36,19",55.00
1321,36.19,"36,19",55.00
1322,36.19,"36,19",55.00
1323,36.19,"36,19",55.00
1324,36.19,"36,19",55.00
1325,36.19,"36,19",55.00
1326,36.19,"36,19",55.00
1327,36.19,"36,19",55.00
1328,36.25,"36,25",55.00
1329,36.25,"36,25",55.00
1330,36.19,"36,19",55.00
1331,36.25,"36,25",55.00
1332,36.25,"36,25",55.00
1333,36.25,"36,25",55.00
1334,36.25,"36,25",55.00
1335,36.31,"36,31",55.00
1336,36.25,"36,25",55.00
1337,36.25,"36,25",55.00
1338,36.25,"36,25",55.00
1339,36.25,"36,25",55.00
1340,36.31,"36,31",55.00
1341,36.25,"36,25",55.00
1342,36.25,"36,25",55.00
1343,36.31,"36,31",55.00
1344,36.31,"36,31",55.00
1345,36.31,"36,31",55.00
1346,36.31,"36,31",55.00
1347,36.31,"36,31",55.00
1348,36.31,"36,31",55.00
1349,36.31,"36,31",55.00
1350,36.31,"36,31",55.00
1351,36.31,"36,31",55.00
1352,36.38,"36,38",55.00
1353,36.31,"36,31",55.00
1354,36.31,"36,31",55.00
1355,36.38,"36,38",55.00
1356,36.38,"36,38",55.00
1357,36.38,"36,38",55.00
1358,36.38,"36,38",55.00
1359,36.31,"36,31",55.00
1360,36.38,"36,38",55.00
1361,36.31,"36,31",55.00
1362,36.38,"36,38",55.00
1363,36.38,"36,38",55.00
1364,36.31,"36,31",55.00
1365,36.38,"36,38",55.00
1366,36.38,"36,38",55.00
1367,36.38,"36,38",55.00
1368,36.38,"36,38",55.00
1369,36.38,"36,38",55.00
1370,36.38,"36,38",55.00
1371,36.38,"36,38",55.00
1372,36.38,"36,38",55.00
1373,36.38,"36,38",55.00
1374,36.38,"36,38",55.00
1375,36.44,"36,44",55.00
1376,36.44,"36,44",55.00
1377,36.44,"36,44",55.00
1378,36.44,"36,44",55.00
1379,36.44,"36,44",55.00
1380,36.44,"36,44",55.00
1381,36.44,"36,44",55.00
1382,36.44,"36,44",55.00
1383,36.44,"36,44",55.00
1384,36.44,"36,44",55.00
1385,36.44,"36,44",55.00
1386,36.44,"36,44",55.00
1387,36.44,"36,44",55.00
1388,36.44,"36,44",55.00
1389,36.44,"36,44",55.00
1390,36.44,"36,44",55.00
1391,36.44,"36,44",55.00
1392,36.44,"36,44",55.00
1393,36.44,"36,44",55.00
1394,36.38,"36,38",55.00
1395,36.44,"36,44",55.00
1396,36.44,"36,44",55.00
1397,36.38,"36,38",55.00
1398,36.38,"36,38",55.00
1399,36.44,"36,44",55.00
1400,36.38,"36,38",55.00
1401,36.44,"36,44",55.00
1402,36.38,"36,38",55.00
1403,36.44,"36,44",55.00
1404,36.44,"36,44",55.00
1405,36.44,"36,44",55.00
1406,36.44,"36,44",55.00
1407,36.44,"36,44",55.00
1408,36.38,"36,38",55.00
1409,36.44,"36,44",55.00
1410,36.44,"36,44",55.00
1411,36.44,"36,44",55.00
1412,36.44,"36,44",55.00
1413,36.44,"36,44",55.00
1414,36.44,"36,44",55.00
1415,36.44,"36,44",55.00
1416,36.44,"36,44",55.00
1417,36.44,"36,44",55.00
1418,36.44,"36,44",55.00
1419,36.44,"36,44",55.00
1420,36.44,"36,44",55.00
1421,36.44,"36,44",55.00
1422,36.44,"36,44",55.00
1423,36.44,"36,44",55.00
1424,36.38,"36,38",55.00
1425,36.44,"36,44",55.00
1426,36.44,"36,44",55.00
1427,36.44,"36,44",55.00
1428,36.44,"36,44",55.00
1429,36.44,"36,44",55.00
1430,36.44,"36,44",55.00
1431,36.44,"36,44",55.00
1432,36.44,"36,44",55.00
1433,36.44,"36,44",55.00
1434,36.44,"36,44",55.00
1435,36.44,"36,44",55.00
1436,36.44,"36,44",55.00
1437,36.44,"36,44",55.00
1438,36.44,"36,44",55.00
1439,36.44,"36,44",55.00
1440,36.44,"36,44",55.00
1441,36.44,"36,44",55.00
1442,36.44,"36,44",55.00
1443,36.44,"36,44",55.00
1444,36.44,"36,44",55.00
1445,36.44,"36,44",55.00
1446,36.50,"36,50",55.00
1447,36.44,"36,44",55.00
1448,36.44,"36,44",55.00
1449,36.44,"36,44",55.00
1450,36.44,"36,44",55.00
1451,36.44,"36,44",55.00
1452,36.44,"36,44",55.00
1453,36.44,"36,44",55.00
1454,36.44,"36,44",55.00
1455,36.44,"36,44",55.00
1456,36.50,"36,50",55.00
1457,36.44,"36,44",55.00
1458,36.44,"36,44",55.00
1459,36.44,"36,44",55.00
1460,36.44,"36,44",55.00
1461,36.44,"36,44",55.00
1462,36.44,"36,44",55.00
1463,36.44,"36,44",55.00
1464,36.44,"36,44",55.00
1465,36.44,"36,44",55.00
1466,36.50,"36,50",55.00
1467,36.50,"36,50",55.00
1468,36.50,"36,50",55.00
1469,36.44,"36,44",55.00
1470,36.44,"36,44",55.00
1471,36.44,"36,44",55.00
1472,36.50,"36,50",55.00
1473,36.50,"36,50",55.00
1474,36.50,"36,50",55.00
1475,36.50,"36,50",55.00
1476,36.50,"36,50",55.00
1477,36.50,"36,50",55.00
1478,36.50,"36,50",55.00
1479,36.50,"36,50",55.00
1480,36.50,"36,50",55.00
1481,36.50,"36,50",55.00
1482,36.50,"36,50",55.00
1483,36.50,"36,50",55.00
1484,36.50,"36,50",55.00
1485,36.50,"36,50",55.00
1486,36.50,"36,50",55.00
1487,36.50,"36,50",55.00
1488,36.50,"36,50",55.00
1489,36.50,"36,50",55.00
1490,36.50,"36,50",55.00
1491,36.50,"36,50",55.00
1492,36.50,"36,50",55.00
1493,36.50,"36,50",55.00
1494,36.56,"36,56",55.00
1495,36.56,"36,56",55.00
1496,36.50,"36,50",55.00
1497,36.50,"36,50",55.00
1498,36.56,"36,56",55.00
1499,36.50,"36,50",55.00
1500,36.50,"36,50",55.00
1501,36.50,"36,50",55.00
1502,36.56,"36,56",55.00
1503,36.56,"36,56",55.00
1504,36.50,"36,50",55.00
1505,36.50,"36,50",55.00
1506,36.56,"36,56",55.00
1507,36.56,"36,56",55.00
1508,36.50,"36,50",55.00
1509,36.50,"36,50",55.00
1510,36.56,"36,56",55.00
1511,36.56,"36,56",55.00
1512,36.56,"36,56",55.00
1513,36.56,"36,56",55.00
1514,36.56,"36,56",55.00
1515,36.56,"36,56",55.00
1516,36.56,"36,56",55.00
1517,36.56,"36,56",55.00
1518,36.56,"36,56",55.00
1519,36.56,"36,56",55.00
1520,36.56,"36,56",55.00
1521,36.56,"36,56",55.00
1522,36.56,"36,56",55.00
1523,36.56,"36,56",55.00
1524,36.56,"36,56",55.00
1525,36.56,"36,56",55.00
1526,36.56,"36,56",55.00
1527,36.56,"36,56",55.00
1528,36.56,"36,56",55.00
1529,36.56,"36,56",55.00
1530,36.56,"36,56",55.00
1531,36.56,"36,56",55.00
1532,36.56,"36,56",55.00
1533,36.56,"36,56",55.00
1534,36.56,"36,56",55.00
1535,36.56,"36,56",55.00
1536,36.56,"36,56",55.00
1537,36.56,"36,56",55.00
1538,36.56,"36,56",55.00
1539,36.56,"36,56",55.00
1540,36.56,"36,56",55.00
1541,36.56,"36,56",55.00
1542,36.56,"36,56",55.00
1543,36.56,"36,56",55.00
1544,36.56,"36,56",55.00
1545,36.56,"36,56",55.00
1546,36.56,"36,56",55.00
1547,36.56,"36,56",55.00
1548,36.63,"36,63",55.00
1549,36.56,"36,56",55.00
1550,36.56,"36,56",55.00
1551,36.56,"36,56",55.00
1552,36.56,"36,56",55.00
1553,36.56,"36,56",55.00
1554,36.63,"36,63",55.00
1555,36.56,"36,56",55.00
1556,36.63,"36,63",55.00
1557,36.63,"36,63",55.00
1558,36.56,"36,56",55.00
1559,36.63,"36,63",55.00
1560,36.56,"36,56",55.00
1561,36.56,"36,56",55.00
1562,36.56,"36,56",55.00
1563,36.56,"36,56",55.00
1564,36.56,"36,56",55.00
1565,36.56,"36,56",55.00
1566,36.56,"36,56",55.00
1567,36.56,"36,56",55.00
1568,36.56,"36,56",55.00
1569,36.63,"36,63",55.00
1570,36.63,"36,63",55.00
1571,36.63,"36,63",55.00
1572,36.63,"36,63",55.00
1573,36.63,"36,63",55.00
1574,36.63,"36,63",55.00
1575,36.63,"36,63",55.00
1576,36.63,"36,63",55.00
1577,36.63,"36,63",55.00
1578,36.63,"36,63",55.00
1579,36.63,"36,63",55.00
1580,36.63,"36,63",55.00
1581,36.63,"36,63",55.00
1582,36.63,"36,63",55.00
1583,36.63,"36,63",55.00
1584,36.63,"36,63",55.00
1585,36.56,"36,56",55.00
1586,36.63,"36,63",55.00
1587,36.63,"36,63",55.00
1588,36.63,"36,63",55.00
1589,36.63,"36,63",55.00
1590,36.63,"36,63",55.00
1591,36.63,"36,63",55.00
1592,36.63,"36,63",55.00
1593,36.63,"36,63",55.00
1594,36.63,"36,63",55.00
1595,36.63,"36,63",55.00
1596,36.63,"36,63",55.00
1597,36.63,"36,63",55.00
1598,36.63,"36,63",55.00
1599,36.63,"36,63",55.00
1600,36.63,"36,63",55.00
1601,36.63,"36,63",55.00
1602,36.63,"36,63",55.00
1603,36.63,"36,63",55.00
1604,36.63,"36,63",55.00
1605,36.63,"36,63",55.00
1606,36.63,"36,63",55.00
1607,36.63,"36,63",55.00
1608,36.63,"36,63",55.00
1609,36.63,"36,63",55.00
1610,36.63,"36,63",55.00
1611,36.63,"36,63",55.00
1612,36.63,"36,63",55.00
1613,36.63,"36,63",55.00
1614,36.63,"36,63",55.00
1615,36.63,"36,63",55.00
1616,36.63,"36,63",55.00
1617,36.63,"36,63",55.00
1618,36.63,"36,63",55.00
1619,36.63,"36,63",55.00
1620,36.63,"36,63",55.00
1621,36.63,"36,63",55.00
1622,36.63,"36,63",55.00
1623,36.69,"36,69",55.00
1624,36.63,"36,63",55.00
1625,36.63,"36,63",55.00
1626,36.63,"36,63",55.00
1627,36.63,"36,63",55.00
1628,36.63,"36,63",55.00
1629,36.63,"36,63",55.00
1630,36.69,"36,69",55.00
1631,36.69,"36,69",55.00
1632,36.69,"36,69",55.00
1633,36.69,"36,69",55.00
1634,36.63,"36,63",55.00
1635,36.69,"36,69",55.00
1636,36.63,"36,63",55.00
1637,36.69,"36,69",55.00
1638,36.69,"36,69",55.00
1639,36.63,"36,63",55.00
1640,36.69,"36,69",55.00
1641,36.63,"36,63",55.00
1642,36.63,"36,63",55.00
1643,36.69,"36,69",55.00
1644,36.69,"36,69",55.00
1645,36.69,"36,69",55.00
1646,36.63,"36,63",55.00
1647,36.69,"36,69",55.00
1648,36.69,"36,69",55.00
1649,36.63,"36,63",55.00
1650,36.63,"36,63",55.00
1651,36.69,"36,69",55.00
1652,36.63,"36,63",55.00
1653,36.69,"36,69",55.00
1654,36.69,"36,69",55.00
1655,36.63,"36,63",55.00
1656,36.69,"36,69",55.00
1657,36.69,"36,69",55.00
1658,36.69,"36,69",55.00
1659,36.69,"36,69",55.00
1660,36.69,"36,69",55.00
1661,36.69,"36,69",55.00
1662,36.63,"36,63",55.00
1663,36.63,"36,63",55.00
1664,36.63,"36,63",55.00
1665,36.69,"36,69",55.00
1666,36.63,"36,63",55.00
1667,36.63,"36,63",55.00
1668,36.63,"36,63",55.00
1669,36.63,"36,63",55.00
1670,36.63,"36,63",55.00
1671,36.63,"36,63",55.00
1672,36.63,"36,63",55.00
1673,36.63,"36,63",55.00
1674,36.63,"36,63",55.00
1675,36.63,"36,63",55.00
1676,36.69,"36,69",55.00
1677,36.69,"36,69",55.00
1678,36.69,"36,69",55.00
1679,36.63,"36,63",55.00
1680,36.63,"36,63",55.00
1681,36.69,"36,69",55.00
1682,36.69,"36,69",55.00
1683,36.69,"36,69",55.00
1684,36.63,"36,63",55.00
1685,36.63,"36,63",55.00
1686,36.63,"36,63",55.00
1687,36.69,"36,69",55.00
1688,36.69,"36,69",55.00
1689,36.63,"36,63",55.00
1690,36.69,"36,69",55.00
1691,36.69,"36,69",55.00
1692,36.69,"36,69",55.00
1693,36.69,"36,69",55.00
1694,36.69,"36,69",55.00
1695,36.63,"36,63",55.00
1696,36.69,"36,69",55.00
1697,36.69,"36,69",55.00
1698,36.69,"36,69",55.00
1699,36.63,"36,63",55.00
1700,36.63,"36,63",55.00
1701,36.69,"36,69",55.00
1702,36.69,"36,69",55.00
1703,36.63,"36,63",55.00
1704,36.69,"36,69",55.00
1705,36.63,"36,63",55.00
1706,36.63,"36,63",55.00
1707,36.63,"36,63",55.00
1708,36.63,"36,63",55.00
1709,36.63,"36,63",55.00
1710,36.69,"36,69",55.00
1711,36.63,"36,63",55.00
1712,36.63,"36,63",55.00
1713,36.63,"36,63",55.00
1714,36.63,"36,63",55.00
1715,36.63,"36,63",55.00
1716,36.69,"36,69",55.00
1717,36.69,"36,69",55.00
1718,36.63,"36,63",55.00
1719,36.69,"36,69",55.00
1720,36.69,"36,69",55.00
1721,36.69,"36,69",55.00
1722,36.69,"36,69",55.00
1723,36.69,"36,69",55.00
1724,36.69,"36,69",55.00
1725,36.69,"36,69",55.00
1726,36.69,"36,69",55.00
1727,36.69,"36,69",55.00
1728,36.69,"36,69",55.00
1729,36.69,"36,69",55.00
1730,36.69,"36,69",55.00
1731,36.69,"36,69",55.00
1732,36.69,"36,69",55.00
1733,36.69,"36,69",55.00
1734,36.69,"36,69",55.00
1735,36.69,"36,69",55.00
1736,36.69,"36,69",55.00
1737,36.69,"36,69",55.00
1738,36.75,"36,75",55.00
1739,36.69,"36,69",55.00
1740,36.75,"36,75",55.00
1741,36.69,"36,69",55.00
1742,36.75,"36,75",55.00
1743,36.75,"36,75",55.00
1744,36.69,"36,69",55.00
1745,36.75,"36,75",55.00
1746,36.75,"36,75",55.00
1747,36.75,"36,75",55.00
1748,36.75,"36,75",55.00
1749,36.75,"36,75",55.00
1750,36.75,"36,75",55.00
1751,36.75,"36,75",55.00
1752,36.75,"36,75",55.00
1753,36.75,"36,75",55.00
1754,36.75,"36,75",55.00
1755,36.75,"36,75",55.00
1756,36.75,"36,75",55.00
1757,36.75,"36,75",55.00
1758,36.69,"36,69",55.00
1759,36.75,"36,75",55.00
1760,36.75,"36,75",55.00
1761,36.69,"36,69",55.00
1762,36.69,"36,69",55.00
1763,36.69,"36,69",55.00
1764,36.69,"36,69",55.00
1765,36.75,"36,75",55.00
1766,36.69,"36,69",55.00
1767,36.69,"36,69",55.00
1768,36.69,"36,69",55.00
1769,36.69,"36,69",55.00
1770,36.69,"36,69",55.00
1771,36.69,"36,69",55.00
1772,36.69,"36,69",55.00
1773,36.69,"36,69",55.00
1774,36.69,"36,69",55.00
1775,36.69,"36,69",55.00
1776,36.69,"36,69",55.00
1777,36.69,"36,69",55.00
1778,36.69,"36,69",55.00
1779,36.69,"36,69",55.00
1780,36.69,"36,69",55.00
1781,36.63,"36,63",55.00
1782,36.63,"36,63",55.00
1783,36.63,"36,63",55.00
1784,36.69,"36,69",55.00
1785,36.63,"36,63",55.00
1786,36.63,"36,63",55.00
1787,36.69,"36,69",55.00
1788,36.63,"36,63",55.00
1789,36.69,"36,69",55.00
1790,36.63,"36,63",55.00
1791,36.63,"36,63",55.00
1792,36.63,"36,63",55.00
1793,36.63,"36,63",55.00
1794,36.63,"36,63",55.00
1795,36.63,"36,63",55.00
1796,36.63,"36,63",55.00
1797,36.63,"36,63",55.00
1798,36.63,"36,63",55.00
1799,36.56,"36,56",55.00
1800,36.63,"36,63",55.00
1801,36.63,"36,63",55.00
1802,36.63,"36,63",55.00
1803,36.63,"36,63",55.00
1804,36.63,"36,63",55.00
1805,36.63,"36,63",55.00
1806,36.63,"36,63",55.00
1807,36.63,"36,63",55.00
1808,36.63,"36,63",55.00
1809,36.63,"36,63",55.00
1810,36.63,"36,63",55.00
1811,36.56,"36,56",55.00
1812,36.56,"36,56",45.00
1813,36.56,"36,56",45.00
1814,36.56,"36,56",45.00
1815,36.56,"36,56",45.00
1816,36.50,"36,50",45.00
1817,36.50,"36,50",45.00
1818,36.44,"36,44",45.00
1819,36.38,"36,38",45.00
1820,36.31,"36,31",45.00
1821,36.25,"36,25",45.00
1822,36.25,"36,25",45.00
1823,36.19,"36,19",45.00
1824,36.13,"36,13",45.00
1825,36.06,"36,06",45.00
1826,36.06,"36,06",45.00
1827,36.00,"36,00",45.00
1828,36.00,"36,00",45.00
1829,35.94,"35,94",45.00
1830,35.81,"35,81",45.00
1831,35.88,"35,88",45.00
1832,35.81,"35,81",45.00
1833,35.69,"35,69",45.00
1834,35.69,"35,69",45.00
1835,35.69,"35,69",45.00
1836,35.63,"35,63",45.00
1837,35.63,"35,63",45.00
1838,35.56,"35,56",45.00
1839,35.56,"35,56",45.00
1840,35.56,"35,56",45.00
1841,35.50,"35,50",45.00
1842,35.44,"35,44",45.00
1843,35.44,"35,44",45.00
1844,35.38,"35,38",45.00
1845,35.38,"35,38",45.00
1846,35.38,"35,38",45.00
1847,35.31,"35,31",45.00
1848,35.25,"35,25",45.00
1849,35.25,"35,25",45.00
1850,35.25,"35,25",45.00
1851,35.19,"35,19",45.00
1852,35.19,"35,19",45.00
1853,35.13,"35,13",45.00
1854,35.13,"35,13",45.00
1855,35.13,"35,13",45.00
1856,35.06,"35,06",45.00
1857,35.06,"35,06",45.00
1858,35.06,"35,06",45.00
1859,35.06,"35,06",45.00
1860,35.00,"35,00",45.00
1861,35.00,"35,00",45.00
1862,35.00,"35,00",45.00
1863,34.94,"34,94",45.00
1864,34.94,"34,94",45.00
1865,34.94,"34,94",45.00
1866,34.88,"34,88",45.00
1867,34.88,"34,88",45.00
1868,34.88,"34,88",45.00
1869,34.81,"34,81",45.00
1870,34.81,"34,81",45.00
1871,34.81,"34,81",45.00
1872,34.81,"34,81",45.00
1873,34.81,"34,81",45.00
1874,34.81,"34,81",45.00
1875,34.75,"34,75",45.00
1876,34.75,"34,75",45.00
1877,34.69,"34,69",45.00
1878,34.69,"34,69",45.00
1879,34.69,"34,69",45.00
1880,34.69,"34,69",45.00
1881,34.69,"34,69",45.00
1882,34.69,"34,69",45.00
1883,34.63,"34,63",45.00
1884,34.63,"34,63",45.00
1885,34.63,"34,63",45.00
1886,34.56,"34,56",45.00
1887,34.56,"34,56",45.00
1888,34.56,"34,56",45.00
1889,34.56,"34,56",45.00
1890,34.50,"34,50",45.00
1891,34.50,"34,50",45.00
1892,34.50,"34,50",45.00
1893,34.50,"34,50",45.00
1894,34.44,"34,44",45.00
1895,34.50,"34,50",45.00
1896,34.50,"34,50",45.00
1897,34.44,"34,44",45.00
1898,34.44,"34,44",45.00
1899,34.44,"34,44",45.00
1900,34.44,"34,44",45.00
1901,34.44,"34,44",45.00
1902,34.44,"34,44",45.00
1903,34.38,"34,38",45.00
1904,34.38,"34,38",45.00
1905,34.38,"34,38",45.00
1906,34.38,"34,38",45.00
1907,34.38,"34,38",45.00
1908,34.38,"34,38",45.00
1909,34.31,"34,31",45.00
1910,34.31,"34,31",45.00
1911,34.31,"34,31",45.00
1912,34.31,"34,31",45.00
1913,34.31,"34,31",45.00
1914,34.25,"34,25",45.00
1915,34.25,"34,25",45.00
1916,34.31,"34,31",45.00
1917,34.31,"34,31",45.00
1918,34.25,"34,25",45.00
1919,34.25,"34,25",45.00
1920,34.25,"34,25",45.00
1921,34.25,"34,25",45.00
1922,34.25,"34,25",45.00
1923,34.25,"34,25",45.00
1924,34.25,"34,25",45.00
1925,34.19,"34,19",45.00
1926,34.19,"34,19",45.00
1927,34.19,"34,19",45.00
1928,34.19,"34,19",45.00
1929,34.19,"34,19",45.00
1930,34.19,"34,19",45.00
1931,34.19,"34,19",45.00
1932,34.19,"34,19",45.00
1933,34.19,"34,19",45.00
1934,34.13,"34,13",45.00
1935,34.13,"34,13",45.00
1936,34.13,"34,13",45.00
1937,34.13,"34,13",45.00
1938,34.13,"34,13",45.00
1939,34.13,"34,13",45.00
1940,34.13,"34,13",45.00
1941,34.06,"34,06",45.00
1942,34.13,"34,13",45.00
1943,34.13,"34,13",45.00
1944,34.06,"34,06",45.00
1945,34.13,"34,13",45.00
1946,34.13,"34,13",45.00
1947,34.06,"34,06",45.00
1948,34.06,"34,06",45.00
1949,34.06,"34,06",45.00
1950,34.06,"34,06",45.00
1951,34.06,"34,06",45.00
1952,34.06,"34,06",45.00
1953,34.00,"34,00",45.00
1954,34.00,"34,00",45.00
1955,34.06,"34,06",45.00
1956,34.06,"34,06",45.00
1957,34.00,"34,00",45.00
1958,34.00,"34,00",45.00
1959,34.00,"34,00",45.00
1960,34.06,"34,06",45.00
1961,34.00,"34,00",45.00
1962,34.00,"34,00",45.00
1963,34.00,"34,00",45.00
1964,34.00,"34,00",45.00
1965,34.00,"34,00",45.00
1966,34.00,"34,00",45.00
1967,34.00,"34,00",45.00
1968,34.00,"34,00",45.00
1969,34.00,"34,00",45.00
1970,33.94,"33,94",45.00
1971,33.94,"33,94",45.00
1972,34.00,"34,00",45.00
1973,33.94,"33,94",45.00
1974,33.94,"33,94",45.00
1975,33.94,"33,94",45.00
1976,33.94,"33,94",45.00
1977,33.94,"33,94",45.00
1978,33.94,"33,94",45.00
1979,33.94,"33,94",45.00
1980,33.94,"33,94",45.00
1981,33.94,"33,94",45.00
1982,33.94,"33,94",45.00
1983,33.94,"33,94",45.00
1984,33.94,"33,94",45.00
1985,33.88,"33,88",45.00
1986,33.88,"33,88",45.00
1987,33.94,"33,94",45.00
1988,33.88,"33,88",45.00
1989,33.88,"33,88",45.00
1990,33.88,"33,88",45.00
1991,33.94,"33,94",45.00
1992,33.88,"33,88",45.00
1993,33.94,"33,94",45.00
1994,33.88,"33,88",45.00
1995,33.88,"33,88",45.00
1996,33.88,"33,88",45.00
1997,33.88,"33,88",45.00
1998,33.88,"33,88",45.00
1999,33.88,"33,88",45.00
2000,33.88,"33,88",45.00
2001,33.88,"33,88",45.00
2002,33.88,"33,88",45.00
2003,33.88,"33,88",45.00
2004,33.88,"33,88",45.00
2005,33.88,"33,88",45.00
2006,33.88,"33,88",45.00
2007,33.81,"33,81",45.00
2008,33.81,"33,81",45.00
2009,33.81,"33,81",45.00
2010,33.88,"33,88",45.00
2011,33.88,"33,88",45.00
2012,33.81,"33,81",45.00
2013,33.81,"33,81",45.00
2014,33.81,"33,81",45.00
2015,33.81,"33,81",45.00
2016,33.81,"33,81",45.00
2017,33.81,"33,81",45.00
2018,33.81,"33,81",45.00
2019,33.81,"33,81",45.00
2020,33.75,"33,75",45.00
2021,33.81,"33,81",45.00
2022,33.81,"33,81",45.00
2023,33.75,"33,75",45.00
2024,33.75,"33,75",45.00
2025,33.81,"33,81",45.00
2026,33.75,"33,75",45.00
2027,33.75,"33,75",45.00
2028,33.75,"33,75",45.00
2029,33.75,"33,75",45.00
2030,33.81,"33,81",45.00
2031,33.81,"33,81",45.00
2032,33.81,"33,81",45.00
2033,33.81,"33,81",45.00
2034,33.81,"33,81",45.00
2035,33.75,"33,75",45.00
2036,33.81,"33,81",45.00
2037,33.75,"33,75",45.00
2038,33.75,"33,75",45.00
2039,33.81,"33,81",45.00
2040,33.81,"33,81",45.00
2041,33.75,"33,75",45.00
2042,33.81,"33,81",45.00
2043,33.75,"33,75",45.00
2044,33.75,"33,75",45.00
2045,33.75,"33,75",45.00
2046,33.75,"33,75",45.00
2047,33.75,"33,75",45.00
2048,33.75,"33,75",45.00
2049,33.75,"33,75",45.00
2050,33.75,"33,75",45.00
2051,33.75,"33,75",45.00
2052,33.69,"33,69",45.00
2053,33.75,"33,75",45.00
2054,33.75,"33,75",45.00
2055,33.69,"33,69",45.00
2056,33.69,"33,69",45.00
2057,33.69,"33,69",45.00
2058,33.69,"33,69",45.00
2059,33.69,"33,69",45.00
2060,33.69,"33,69",45.00
2061,33.69,"33,69",45.00
2062,33.69,"33,69",45.00
2063,33.69,"33,69",45.00
2064,33.69,"33,69",45.00
2065,33.63,"33,63",45.00
2066,33.69,"33,69",45.00
2067,33.69,"33,69",45.00
2068,33.63,"33,63",45.00
2069,33.69,"33,69",45.00
2070,33.69,"33,69",45.00
2071,33.63,"33,63",45.00
2072,33.69,"33,69",45.00
2073,33.63,"33,63",45.00
2074,33.63,"33,63",45.00
2075,33.69,"33,69",45.00
2076,33.69,"33,69",45.00
2077,33.63,"33,63",45.00
2078,33.69,"33,69",45.00
2079,33.69,"33,69",45.00
2080,33.63,"33,63",45.00
2081,33.63,"33,63",45.00
2082,33.63,"33,63",45.00
2083,33.63,"33,63",45.00
2084,33.63,"33,63",45.00
2085,33.63,"33,63",45.00
2086,33.63,"33,63",45.00
2087,33.63,"33,63",45.00
2088,33.63,"33,63",45.00
2089,33.56,"33,56",45.00
2090,33.63,"33,63",45.00
2091,33.63,"33,63",45.00
2092,33.63,"33,63",45.00
2093,33.63,"33,63",45.00
2094,33.63,"33,63",45.00
2095,33.63,"33,63",45.00
2096,33.56,"33,56",45.00
2097,33.56,"33,56",45.00
2098,33.56,"33,56",45.00
2099,33.56,"33,56",45.00
2100,33.63,"33,63",45.00
2101,33.56,"33,56",45.00
2102,33.56,"33,56",45.00
2103,33.56,"33,56",45.00
2104,33.56,"33,56",45.00
2105,33.56,"33,56",45.00
2106,33.56,"33,56",45.00
2107,33.56,"33,56",45.00
2108,33.56,"33,56",45.00
2109,33.56,"33,56",45.00
2110,33.56,"33,56",45.00
2111,33.56,"33,56",45.00
2112,33.56,"33,56",45.00
2113,33.56,"33,56",45.00
2114,33.56,"33,56",45.00
2115,33.56,"33,56",45.00
2116,33.56,"33,56",45.00
2117,33.56,"33,56",45.00
2118,33.63,"33,63",45.00
2119,33.56,"33,56",45.00
2120,33.56,"33,56",45.00
2121,33.56,"33,56",45.00
2122,33.56,"33,56",45.00
2123,33.50,"33,50",45.00
2124,33.56,"33,56",45.00
2125,33.56,"33,56",45.00
2126,33.56,"33,56",45.00
2127,33.56,"33,56",45.00
2128,33.56,"33,56",45.00
2129,33.50,"33,50",45.00
2130,33.56,"33,56",45.00
2131,33.56,"33,56",45.00
2132,33.56,"33,56",45.00
2133,33.50,"33,50",45.00
2134,33.56,"33,56",45.00
2135,33.56,"33,56",45.00
2136,33.56,"33,56",45.00
2137,33.56,"33,56",45.00
2138,33.56,"33,56",45.00
2139,33.56,"33,56",45.00
2140,33.56,"33,56",45.00
2141,33.50,"33,50",45.00
2142,33.56,"33,56",45.00
2143,33.56,"33,56",45.00
2144,33.56,"33,56",45.00
2145,33.56,"33,56",45.00
2146,33.56,"33,56",45.00
2147,33.56,"33,56",45.00
2148,33.56,"33,56",45.00
2149,33.50,"33,50",45.00
2150,33.56,"33,56",45.00
2151,33.56,"33,56",45.00
2152,33.56,"33,56",45.00
2153,33.56,"33,56",45.00
2154,33.56,"33,56",45.00
2155,33.50,"33,50",45.00
2156,33.50,"33,50",45.00
2157,33.56,"33,56",45.00
2158,33.56,"33,56",45.00
2159,33.56,"33,56",45.00
2160,33.56,"33,56",45.00
2161,33.50,"33,50",45.00
2162,33.50,"33,50",45.00
2163,33.56,"33,56",45.00
2164,33.56,"33,56",45.00
2165,33.56,"33,56",45.00
2166,33.56,"33,56",45.00
2167,33.56,"33,56",45.00
2168,33.50,"33,50",45.00
2169,33.56,"33,56",45.00
2170,33.50,"33,50",45.00
2171,33.50,"33,50",45.00
2172,33.56,"33,56",45.00
2173,33.50,"33,50",45.00
2174,33.56,"33,56",45.00
2175,33.56,"33,56",45.00
2176,33.50,"33,50",45.00
2177,33.50,"33,50",45.00
2178,33.56,"33,56",45.00
2179,33.56,"33,56",45.00
2180,33.56,"33,56",45.00
2181,33.56,"33,56",45.00
2182,33.56,"33,56",45.00
2183,33.56,"33,56",45.00
2184,33.56,"33,56",45.00
2185,33.56,"33,56",45.00
2186,33.56,"33,56",45.00
2187,33.56,"33,56",45.00
2188,33.56,"33,56",45.00
2189,33.56,"33,56",45.00
2190,33.56,"33,56",45.00
2191,33.56,"33,56",45.00
2192,33.56,"33,56",45.00
2193,33.56,"33,56",45.00
2194,33.56,"33,56",45.00
2195,33.56,"33,56",45.00
2196,33.56,"33,56",45.00
2197,33.56,"33,56",45.00
2198,33.56,"33,56",45.00
2199,33.56,"33,56",45.00
2200,33.56,"33,56",45.00
2201,33.56,"33,56",45.00
2202,33.56,"33,56",45.00
2203,33.50,"33,50",45.00
2204,33.50,"33,50",45.00
2205,33.50,"33,50",45.00
2206,33.56,"33,56",45.00
2207,33.50,"33,50",45.00
2208,33.56,"33,56",45.00
2209,33.56,"33,56",45.00
2210,33.50,"33,50",45.00
2211,33.50,"33,50",45.00
2212,33.50,"33,50",45.00
2213,33.50,"33,50",45.00
2214,33.56,"33,56",45.00
2215,33.56,"33,56",45.00
2216,33.50,"33,50",45.00
2217,33.50,"33,50",45.00
2218,33.56,"33,56",45.00
2219,33.50,"33,50",45.00
2220,33.50,"33,50",45.00
2221,33.50,"33,50",45.00
2222,33.56,"33,56",45.00
2223,33.50,"33,50",45.00
2224,33.50,"33,50",45.00
2225,33.50,"33,50",45.00
2226,33.50,"33,50",45.00
2227,33.50,"33,50",45.00
2228,33.56,"33,56",45.00
2229,33.50,"33,50",45.00
2230,33.50,"33,50",45.00
2231,33.50,"33,50",45.00
2232,33.50,"33,50",45.00
2233,33.50,"33,50",45.00
2234,33.50,"33,50",45.00
2235,33.50,"33,50",45.00
2236,33.50,"33,50",45.00
2237,33.56,"33,56",45.00
2238,33.50,"33,50",45.00
2239,33.50,"33,50",45.00
2240,33.56,"33,56",45.00
2241,33.56,"33,56",45.00
2242,33.50,"33,50",45.00
2243,33.50,"33,50",45.00
2244,33.50,"33,50",45.00
2245,33.56,"33,56",45.00
2246,33.50,"33,50",45.00
2247,33.50,"33,50",45.00
2248,33.50,"33,50",45.00
2249,33.50,"33,50",45.00
2250,33.50,"33,50",45.00
2251,33.56,"33,56",45.00
2252,33.50,"33,50",45.00
2253,33.50,"33,50",45.00
2254,33.50,"33,50",45.00
2255,33.50,"33,50",45.00
2256,33.50,"33,50",45.00
2257,33.50,"33,50",45.00
2258,33.50,"33,50",45.00
2259,33.50,"33,50",45.00
2260,33.50,"33,50",45.00
2261,33.50,"33,50",45.00
2262,33.50,"33,50",45.00
2263,33.50,"33,50",45.00
2264,33.50,"33,50",45.00
2265,33.50,"33,50",45.00
2266,33.50,"33,50",45.00
2267,33.50,"33,50",45.00
2268,33.50,"33,50",45.00
2269,33.50,"33,50",45.00
2270,33.50,"33,50",45.00
2271,33.50,"33,50",45.00
2272,33.50,"33,50",45.00
2273,33.56,"33,56",45.00
2274,33.50,"33,50",45.00
2275,33.50,"33,50",45.00
2276,33.50,"33,50",45.00
2277,33.50,"33,50",45.00
2278,33.50,"33,50",45.00
2279,33.50,"33,50",45.00
2280,33.50,"33,50",45.00
2281,33.50,"33,50",45.00
2282,33.50,"33,50",45.00
2283,33.50,"33,50",45.00
2284,33.50,"33,50",45.00
2285,33.50,"33,50",45.00
2286,33.50,"33,50",45.00
2287,33.50,"33,50",45.00
2288,33.50,"33,50",45.00
2289,33.50,"33,50",45.00
2290,33.50,"33,50",45.00
2291,33.50,"33,50",45.00
2292,33.50,"33,50",45.00
2293,33.50,"33,50",45.00
2294,33.50,"33,50",45.00
2295,33.50,"33,50",45.00
2296,33.56,"33,56",45.00
2297,33.50,"33,50",45.00
2298,33.50,"33,50",45.00
2299,33.50,"33,50",45.00
2300,33.50,"33,50",45.00
2301,33.50,"33,50",45.00
2302,33.50,"33,50",45.00
2303,33.50,"33,50",45.00
2304,33.44,"33,44",45.00
2305,33.50,"33,50",45.00
2306,33.50,"33,50",45.00
2307,33.50,"33,50",45.00
2308,33.50,"33,50",45.00
2309,33.50,"33,50",45.00
2310,33.50,"33,50",45.00
2311,33.50,"33,50",45.00
2312,33.50,"33,50",45.00
2313,33.50,"33,50",45.00
2314,33.50,"33,50",45.00
2315,33.50,"33,50",45.00
2316,33.50,"33,50",45.00
2317,33.50,"33,50",45.00
2318,33.50,"33,50",45.00
2319,33.50,"33,50",45.00
2320,33.44,"33,44",45.00
2321,33.50,"33,50",45.00
2322,33.50,"33,50",45.00
2323,33.50,"33,50",45.00
2324,33.44,"33,44",45.00
2325,33.50,"33,50",45.00
2326,33.50,"33,50",45.00
2327,33.56,"33,56",45.00
2328,33.50,"33,50",45.00
2329,33.44,"33,44",45.00
2330,33.50,"33,50",45.00
2331,33.44,"33,44",45.00
2332,33.50,"33,50",45.00
2333,33.44,"33,44",45.00
2334,33.44,"33,44",45.00
2335,33.50,"33,50",45.00
2336,33.44,"33,44",45.00
2337,33.44,"33,44",45.00
2338,33.44,"33,44",45.00
2339,33.44,"33,44",45.00
2340,33.50,"33,50",45.00
2341,33.50,"33,50",45.00
2342,33.44,"33,44",45.00
2343,33.44,"33,44",45.00
2344,33.44,"33,44",45.00
2345,33.44,"33,44",45.00
2346,33.44,"33,44",45.00
2347,33.44,"33,44",45.00
2348,33.44,"33,44",45.00
2349,33.50,"33,50",45.00
2350,33.44,"33,44",45.00
2351,33.44,"33,44",45.00
2352,33.44,"33,44",45.00
2353,33.50,"33,50",45.00
2354,33.44,"33,44",45.00
2355,33.44,"33,44",45.00
2356,33.44,"33,44",45.00
2357,33.44,"33,44",45.00
2358,33.44,"33,44",45.00
2359,33.44,"33,44",45.00
2360,33.44,"33,44",45.00
2361,33.44,"33,44",45.00
2362,33.38,"33,38",45.00
2363,33.44,"33,44",45.00
2364,33.38,"33,38",45.00
2365,33.44,"33,44",45.00
2366,33.44,"33,44",45.00
2367,33.38,"33,38",45.00
2368,33.38,"33,38",45.00
2369,33.44,"33,44",45.00
2370,33.44,"33,44",45.00
2371,33.44,"33,44",45.00
2372,33.44,"33,44",45.00
2373,33.44,"33,44",45.00
2374,33.38,"33,38",45.00
2375,33.38,"33,38",45.00
2376,33.44,"33,44",45.00
2377,33.44,"33,44",45.00
2378,33.44,"33,44",45.00
2379,33.38,"33,38",45.00
2380,33.38,"33,38",45.00
2381,33.38,"33,38",45.00
2382,33.38,"33,38",45.00
2383,33.44,"33,44",45.00
2384,33.38,"33,38",45.00
2385,33.44,"33,44",45.00
2386,33.38,"33,38",45.00
2387,33.38,"33,38",45.00
2388,33.38,"33,38",45.00
2389,33.38,"33,38",45.00
2390,33.38,"33,38",45.00
2391,33.38,"33,38",45.00
2392,33.38,"33,38",45.00
2393,33.44,"33,44",45.00
2394,33.38,"33,38",45.00
2395,33.38,"33,38",45.00
2396,33.38,"33,38",45.00
2397,33.38,"33,38",45.00
2398,33.38,"33,38",45.00
2399,33.38,"33,38",45.00
2400,33.38,"33,38",45.00
2401,33.44,"33,44",45.00
2402,33.31,"33,31",45.00
2403,33.31,"33,31",45.00
2404,33.31,"33,31",45.00
2405,33.38,"33,38",45.00
2406,33.38,"33,38",45.00
2407,33.38,"33,38",45.00
2408,33.38,"33,38",45.00
2409,33.38,"33,38",45.00
2410,33.38,"33,38",45.00
2411,33.38,"33,38",45.00
2412,33.38,"33,38",45.00
2413,33.38,"33,38",45.00
2414,33.38,"33,38",45.00
2415,33.38,"33,38",45.00
2416,33.38,"33,38",45.00
2417,33.38,"33,38",55.00
2418,33.38,"33,38",55.00
2419,33.44,"33,44",55.00
2420,33.44,"33,44",55.00
2421,33.50,"33,50",55.00
2422,33.50,"33,50",55.00
2423,33.56,"33,56",55.00
2424,33.63,"33,63",55.00
2425,33.69,"33,69",55.00
2426,33.75,"33,75",55.00
2427,33.75,"33,75",55.00
2428,33.81,"33,81",55.00
2429,33.88,"33,88",55.00
2430,33.94,"33,94",55.00
2431,33.94,"33,94",55.00
2432,34.00,"34,00",55.00
2433,34.06,"34,06",55.00
2434,34.13,"34,13",55.00
2435,34.13,"34,13",55.00
2436,34.13,"34,13",55.00
2437,34.25,"34,25",55.00
2438,34.25,"34,25",55.00
2439,34.31,"34,31",55.00
2440,34.31,"34,31",55.00
2441,34.31,"34,31",55.00
2442,34.44,"34,44",55.00
2443,34.44,"34,44",55.00
2444,34.50,"34,50",55.00
2445,34.50,"34,50",55.00
2446,34.56,"34,56",55.00
2447,34.56,"34,56",55.00
2448,34.56,"34,56",55.00
2449,34.63,"34,63",55.00
2450,34.69,"34,69",55.00
2451,34.69,"34,69",55.00
2452,34.69,"34,69",55.00
2453,34.75,"34,75",55.00
2454,34.81,"34,81",55.00
2455,34.75,"34,75",55.00
2456,34.81,"34,81",55.00
2457,34.81,"34,81",55.00
2458,34.88,"34,88",55.00
2459,34.88,"34,88",55.00
2460,34.94,"34,94",55.00
2461,35.00,"35,00",55.00
2462,34.94,"34,94",55.00
2463,35.00,"35,00",55.00
2464,35.00,"35,00",55.00
2465,35.06,"35,06",55.00
2466,35.06,"35,06",55.00
2467,35.06,"35,06",55.00
2468,35.06,"35,06",55.00
2469,35.13,"35,13",55.00
2470,35.19,"35,19",55.00
2471,35.19,"35,19",55.00
2472,35.13,"35,13",55.00
2473,35.19,"35,19",55.00
2474,35.19,"35,19",55.00
2475,35.25,"35,25",55.00
2476,35.25,"35,25",55.00
2477,35.25,"35,25",55.00
2478,35.25,"35,25",55.00
2479,35.31,"35,31",55.00
2480,35.31,"35,31",55.00
2481,35.38,"35,38",55.00
2482,35.31,"35,31",55.00
2483,35.31,"35,31",55.00
2484,35.38,"35,38",55.00
2485,35.38,"35,38",55.00
2486,35.38,"35,38",55.00
2487,35.44,"35,44",55.00
2488,35.44,"35,44",55.00
2489,35.44,"35,44",55.00
2490,35.44,"35,44",55.00
2491,35.50,"35,50",55.00
2492,35.50,"35,50",55.00
2493,35.50,"35,50",55.00
2494,35.50,"35,50",55.00
2495,35.56,"35,56",55.00
2496,35.50,"35,50",55.00
2497,35.56,"35,56",55.00
2498,35.56,"35,56",55.00
2499,35.56,"35,56",55.00
2500,35.56,"35,56",55.00
2501,35.56,"35,56",55.00
2502,35.63,"35,63",55.00
2503,35.63,"35,63",55.00
2504,35.63,"35,63",55.00
2505,35.63,"35,63",55.00
2506,35.63,"35,63",55.00
2507,35.69,"35,69",55.00
2508,35.69,"35,69",55.00
2509,35.69,"35,69",55.00
2510,35.69,"35,69",55.00
2511,35.75,"35,75",55.00
2512,35.69,"35,69",55.00
2513,35.75,"35,75",55.00
2514,35.75,"35,75",55.00
2515,35.75,"35,75",55.00
2516,35.75,"35,75",55.00
2517,35.81,"35,81",55.00
2518,35.75,"35,75",55.00
2519,35.75,"35,75",55.00
2520,35.81,"35,81",55.00
2521,35.81,"35,81",55.00
2522,35.81,"35,81",55.00
2523,35.81,"35,81",55.00
2524,35.88,"35,88",55.00
2525,35.81,"35,81",55.00
2526,35.88,"35,88",55.00
2527,35.88,"35,88",55.00
2528,35.88,"35,88",55.00
2529,35.88,"35,88",55.00
2530,35.88,"35,88",55.00
2531,35.88,"35,88",55.00
2532,35.88,"35,88",55.00
2533,35.88,"35,88",55.00
2534,35.88,"35,88",55.00
2535,35.88,"35,88",55.00
2536,35.88,"35,88",55.00
2537,35.94,"35,94",55.00
2538,35.94,"35,94",55.00
2539,35.94,"35,94",55.00
2540,35.94,"35,94",55.00
2541,35.94,"35,94",55.00
2542,36.00,"36,00",55.00
2543,35.94,"35,94",55.00
2544,35.94,"35,94",55.00
2545,36.00,"36,00",55.00
2546,36.00,"36,00",55.00
2547,36.00,"36,00",55.00
2548,36.00,"36,00",55.00
2549,36.00,"36,00",55.00
2550,36.00,"36,00",55.00
2551,36.06,"36,06",55.00
2552,36.06,"36,06",55.00
2553,36.06,"36,06",55.00
2554,36.00,"36,00",55.00
2555,36.00,"36,00",55.00
2556,36.06,"36,06",55.00
2557,36.06,"36,06",55.00
2558,36.06,"36,06",55.00
2559,36.06,"36,06",55.00
2560,36.06,"36,06",55.00
2561,36.06,"36,06",55.00
2562,36.06,"36,06",55.00
2563,36.13,"36,13",55.00
2564,36.06,"36,06",55.00
2565,36.06,"36,06",55.00
2566,36.06,"36,06",55.00
2567,36.13,"36,13",55.00
2568,36.13,"36,13",55.00
2569,36.06,"36,06",55.00
2570,36.13,"36,13",55.00
2571,36.13,"36,13",55.00
2572,36.13,"36,13",55.00
2573,36.13,"36,13",55.00
2574,36.13,"36,13",55.00
2575,36.13,"36,13",55.00
2576,36.13,"36,13",55.00
2577,36.13,"36,13",55.00
2578,36.13,"36,13",55.00
2579,36.13,"36,13",55.00
2580,36.19,"36,19",55.00
2581,36.13,"36,13",55.00
2582,36.13,"36,13",55.00
2583,36.19,"36,19",55.00
2584,36.19,"36,19",55.00
2585,36.19,"36,19",55.00
2586,36.19,"36,19",55.00
2587,36.19,"36,19",55.00
2588,36.19,"36,19",55.00
2589,36.19,"36,19",55.00
2590,36.19,"36,19",55.00
2591,36.19,"36,19",55.00
2592,36.19,"36,19",55.00
2593,36.19,"36,19",55.00
2594,36.19,"36,19",55.00
2595,36.19,"36,19",55.00
2596,36.19,"36,19",55.00
2597,36.19,"36,19",55.00
2598,36.19,"36,19",55.00
2599,36.19,"36,19",55.00
2600,36.19,"36,19",55.00
2601,36.19,"36,19",55.00
2602,36.19,"36,19",55.00
2603,36.25,"36,25",55.00
2604,36.19,"36,19",55.00
2605,36.19,"36,19",55.00
2606,36.19,"36,19",55.00
2607,36.19,"36,19",55.00
2608,36.19,"36,19",55.00
2609,36.25,"36,25",55.00
2610,36.19,"36,19",55.00
2611,36.19,"36,19",55.00
2612,36.25,"36,25",55.00
2613,36.25,"36,25",55.00
2614,36.25,"36,25",55.00
2615,36.25,"36,25",55.00
2616,36.25,"36,25",55.00
2617,36.25,"36,25",55.00
2618,36.31,"36,31",55.00
2619,36.25,"36,25",55.00
2620,36.31,"36,31",55.00
2621,36.25,"36,25",55.00
2622,36.25,"36,25",55.00
2623,36.31,"36,31",55.00
2624,36.31,"36,31",55.00
2625,36.31,"36,31",55.00
2626,36.31,"36,31",55.00
2627,36.31,"36,31",55.00
2628,36.31,"36,31",55.00
2629,36.31,"36,31",55.00
2630,36.31,"36,31",55.00
2631,36.31,"36,31",55.00
2632,36.31,"36,31",55.00
2633,36.25,"36,25",55.00
2634,36.31,"36,31",55.00
2635,36.25,"36,25",55.00
2636,36.25,"36,25",55.00
2637,36.31,"36,31",55.00
2638,36.25,"36,25",55.00
2639,36.25,"36,25",55.00
2640,36.31,"36,31",55.00
2641,36.31,"36,31",55.00
2642,36.25,"36,25",55.00
2643,36.31,"36,31",55.00
2644,36.25,"36,25",55.00
2645,36.31,"36,31",55.00
2646,36.31,"36,31",55.00
2647,36.31,"36,31",55.00
2648,36.25,"36,25",55.00
2649,36.25,"36,25",55.00
2650,36.31,"36,31",55.00
2651,36.31,"36,31",55.00
2652,36.31,"36,31",55.00
2653,36.25,"36,25",55.00
2654,36.31,"36,31",55.00
2655,36.31,"36,31",55.00
2656,36.31,"36,31",55.00
2657,36.25,"36,25",55.00
2658,36.31,"36,31",55.00
2659,36.31,"36,31",55.00
2660,36.31,"36,31",55.00
2661,36.31,"36,31",55.00
2662,36.25,"36,25",55.00
2663,36.25,"36,25",55.00
2664,36.25,"36,25",55.00
2665,36.31,"36,31",55.00
2666,36.25,"36,25",55.00
2667,36.25,"36,25",55.00
2668,36.31,"36,31",55.00
2669,36.31,"36,31",55.00
2670,36.31,"36,31",55.00
2671,36.25,"36,25",55.00
2672,36.31,"36,31",55.00
2673,36.31,"36,31",55.00
2674,36.31,"36,31",55.00
2675,36.31,"36,31",55.00
2676,36.31,"36,31",55.00
2677,36.31,"36,31",55.00
2678,36.31,"36,31",55.00
2679,36.31,"36,31",55.00
2680,36.31,"36,31",55.00
2681,36.31,"36,31",55.00
2682,36.31,"36,31",55.00
2683,36.31,"36,31",55.00
2684,36.25,"36,25",55.00
2685,36.31,"36,31",55.00
2686,36.25,"36,25",55.00
2687,36.25,"36,25",55.00
2688,36.25,"36,25",55.00
2689,36.31,"36,31",55.00
2690,36.31,"36,31",55.00
2691,36.31,"36,31",55.00
2692,36.31,"36,31",55.00
2693,36.31,"36,31",55.00
2694,36.31,"36,31",55.00
2695,36.25,"36,25",55.00
2696,36.31,"36,31",55.00
2697,36.31,"36,31",55.00
2698,36.31,"36,31",55.00
2699,36.31,"36,31",55.00
2700,36.31,"36,31",55.00
2701,36.31,"36,31",55.00
2702,36.31,"36,31",55.00
2703,36.38,"36,38",55.00
2704,36.31,"36,31",55.00
2705,36.38,"36,38",55.00
2706,36.38,"36,38",55.00
2707,36.31,"36,31",55.00
2708,36.31,"36,31",55.00
2709,36.38,"36,38",55.00
2710,36.31,"36,31",55.00
2711,36.31,"36,31",55.00
2712,36.38,"36,38",55.00
2713,36.38,"36,38",55.00
2714,36.38,"36,38",55.00
2715,36.38,"36,38",55.00
2716,36.31,"36,31",55.00
2717,36.31,"36,31",55.00
2718,36.38,"36,38",55.00
2719,36.38,"36,38",55.00
2720,36.31,"36,31",55.00
2721,36.38,"36,38",55.00
2722,36.38,"36,38",55.00
2723,36.38,"36,38",55.00
2724,36.38,"36,38",55.00
2725,36.31,"36,31",55.00
2726,36.38,"36,38",55.00
2727,36.38,"36,38",55.00
2728,36.38,"36,38",55.00
2729,36.38,"36,38",55.00
2730,36.38,"36,38",55.00
2731,36.38,"36,38",55.00
2732,36.38,"36,38",55.00
2733,36.38,"36,38",55.00
2734,36.38,"36,38",55.00
2735,36.38,"36,38",55.00
2736,36.38,"36,38",55.00
2737,36.38,"36,38",55.00
2738,36.38,"36,38",55.00
2739,36.38,"36,38",55.00
2740,36.38,"36,38",55.00
2741,36.44,"36,44",55.00
2742,36.38,"36,38",55.00
2743,36.38,"36,38",55.00
2744,36.38,"36,38",55.00
2745,36.38,"36,38",55.00
2746,36.38,"36,38",55.00
2747,36.44,"36,44",55.00
2748,36.44,"36,44",55.00
2749,36.44,"36,44",55.00
2750,36.44,"36,44",55.00
2751,36.44,"36,44",55.00
2752,36.44,"36,44",55.00
2753,36.44,"36,44",55.00
2754,36.44,"36,44",55.00
2755,36.44,"36,44",55.00
2756,36.38,"36,38",55.00
2757,36.44,"36,44",55.00
2758,36.44,"36,44",55.00
2759,36.38,"36,38",55.00
2760,36.38,"36,38",55.00
2761,36.44,"36,44",55.00
2762,36.44,"36,44",55.00
2763,36.44,"36,44",55.00
2764,36.44,"36,44",55.00
2765,36.44,"36,44",55.00
2766,36.44,"36,44",55.00
2767,36.50,"36,50",55.00
2768,36.44,"36,44",55.00
2769,36.44,"36,44",55.00
2770,36.44,"36,44",55.00
2771,36.44,"36,44",55.00
2772,36.44,"36,44",55.00
2773,36.44,"36,44",55.00
2774,36.44,"36,44",55.00
2775,36.44,"36,44",55.00
2776,36.44,"36,44",55.00
2777,36.50,"36,50",55.00
2778,36.44,"36,44",55.00
2779,36.44,"36,44",55.00
2780,36.44,"36,44",55.00
2781,36.44,"36,44",55.00
2782,36.50,"36,50",55.00
2783,36.44,"36,44",55.00
2784,36.44,"36,44",55.00
2785,36.50,"36,50",55.00
2786,36.44,"36,44",55.00
2787,36.44,"36,44",55.00
2788,36.44,"36,44",55.00
2789,36.44,"36,44",55.00
2790,36.44,"36,44",55.00
2791,36.44,"36,44",55.00
2792,36.44,"36,44",55.00
2793,36.44,"36,44",55.00
2794,36.50,"36,50",55.00
2795,36.50,"36,50",55.00
2796,36.50,"36,50",55.00
2797,36.50,"36,50",55.00
2798,36.50,"36,50",55.00
2799,36.44,"36,44",55.00
2800,36.50,"36,50",55.00
2801,36.50,"36,50",55.00
2802,36.50,"36,50",55.00
2803,36.44,"36,44",55.00
2804,36.50,"36,50",55.00
2805,36.50,"36,50",55.00
2806,36.50,"36,50",55.00
2807,36.50,"36,50",55.00
2808,36.50,"36,50",55.00
2809,36.50,"36,50",55.00
2810,36.50,"36,50",55.00
2811,36.50,"36,50",55.00
2812,36.50,"36,50",55.00
2813,36.50,"36,50",55.00
2814,36.50,"36,50",55.00
2815,36.50,"36,50",55.00
2816,36.50,"36,50",55.00
2817,36.50,"36,50",55.00
2818,36.50,"36,50",55.00
2819,36.50,"36,50",55.00
2820,36.50,"36,50",55.00
2821,36.50,"36,50",55.00
2822,36.50,"36,50",55.00
2823,36.50,"36,50",55.00
2824,36.50,"36,50",55.00
2825,36.50,"36,50",55.00
2826,36.50,"36,50",55.00
2827,36.50,"36,50",55.00
2828,36.44,"36,44",55.00
2829,36.50,"36,50",55.00
2830,36.50,"36,50",55.00
2831,36.44,"36,44",55.00
2832,36.50,"36,50",55.00
2833,36.50,"36,50",55.00
2834,36.50,"36,50",55.00
2835,36.50,"36,50",55.00
2836,36.50,"36,50",55.00
2837,36.50,"36,50",55.00
2838,36.50,"36,50",55.00
2839,36.50,"36,50",55.00
2840,36.44,"36,44",55.00
2841,36.50,"36,50",55.00
2842,36.50,"36,50",55.00
2843,36.50,"36,50",55.00
2844,36.50,"36,50",55.00
2845,36.50,"36,50",55.00
2846,36.50,"36,50",55.00
2847,36.50,"36,50",55.00
2848,36.50,"36,50",55.00
2849,36.50,"36,50",55.00
2850,36.50,"36,50",55.00
2851,36.50,"36,50",55.00
2852,36.50,"36,50",55.00
2853,36.50,"36,50",55.00
2854,36.50,"36,50",55.00
2855,36.50,"36,50",55.00
2856,36.50,"36,50",55.00
2857,36.50,"36,50",55.00
2858,36.50,"36,50",55.00
2859,36.50,"36,50",55.00
2860,36.50,"36,50",55.00
2861,36.50,"36,50",55.00
2862,36.50,"36,50",55.00
2863,36.50,"36,50",55.00
2864,36.50,"36,50",55.00
2865,36.50,"36,50",55.00
2866,36.50,"36,50",55.00
2867,36.50,"36,50",55.00
2868,36.50,"36,50",55.00
2869,36.50,"36,50",55.00
2870,36.50,"36,50",55.00
2871,36.56,"36,56",55.00
2872,36.50,"36,50",55.00
2873,36.50,"36,50",55.00
2874,36.56,"36,56",55.00
2875,36.50,"36,50",55.00
2876,36.50,"36,50",55.00
2877,36.50,"36,50",55.00
2878,36.50,"36,50",55.00
2879,36.50,"36,50",55.00
2880,36.50,"36,50",55.00
2881,36.56,"36,56",55.00
2882,36.56,"36,56",55.00
2883,36.56,"36,56",55.00
2884,36.50,"36,50",55.00
2885,36.56,"36,56",55.00
2886,36.50,"36,50",55.00
2887,36.50,"36,50",55.00
2888,36.50,"36,50",55.00
2889,36.50,"36,50",55.00
2890,36.56,"36,56",55.00
2891,36.50,"36,50",55.00
2892,36.56,"36,56",55.00
2893,36.56,"36,56",55.00
2894,36.56,"36,56",55.00
2895,36.56,"36,56",55.00
2896,36.50,"36,50",55.00
2897,36.56,"36,56",55.00
2898,36.56,"36,56",55.00
2899,36.56,"36,56",55.00
2900,36.56,"36,56",55.00
2901,36.50,"36,50",55.00
2902,36.50,"36,50",55.00
2903,36.50,"36,50",55.00
2904,36.50,"36,50",55.00
2905,36.56,"36,56",55.00
2906,36.50,"36,50",55.00
2907,36.50,"36,50",55.00
2908,36.50,"36,50",55.00
2909,36.56,"36,56",55.00
2910,36.56,"36,56",55.00
2911,36.56,"36,56",55.00
2912,36.56,"36,56",55.00
2913,36.56,"36,56",55.00
2914,36.56,"36,56",55.00
2915,36.56,"36,56",55.00
2916,36.56,"36,56",55.00
2917,36.50,"36,50",55.00
2918,36.56,"36,56",55.00
2919,36.50,"36,50",55.00
2920,36.56,"36,56",55.00
2921,36.56,"36,56",55.00
2922,36.56,"36,56",55.00
2923,36.56,"36,56",55.00
2924,36.50,"36,50",55.00
2925,36.50,"36,50",55.00
2926,36.50,"36,50",55.00
2927,36.50,"36,50",55.00
2928,36.50,"36,50",55.00
2929,36.50,"36,50",55.00
2930,36.50,"36,50",55.00
2931,36.56,"36,56",55.00
2932,36.50,"36,50",55.00
2933,36.50,"36,50",55.00
2934,36.50,"36,50",55.00
2935,36.56,"36,56",55.00
2936,36.50,"36,50",55.00
2937,36.50,"36,50",55.00
2938,36.50,"36,50",55.00
2939,36.50,"36,50",55.00
2940,36.50,"36,50",55.00
2941,36.50,"36,50",55.00
2942,36.50,"36,50",55.00
2943,36.50,"36,50",55.00
2944,36.56,"36,56",55.00
2945,36.50,"36,50",55.00
2946,36.50,"36,50",55.00
2947,36.50,"36,50",55.00
2948,36.50,"36,50",55.00
2949,36.50,"36,50",55.00
2950,36.50,"36,50",55.00
2951,36.50,"36,50",55.00
2952,36.50,"36,50",55.00
2953,36.50,"36,50",55.00
2954,36.50,"36,50",55.00
2955,36.50,"36,50",55.00
2956,36.50,"36,50",55.00
2957,36.50,"36,50",55.00
2958,36.50,"36,50",55.00
2959,36.50,"36,50",55.00
2960,36.50,"36,50",55.00
2961,36.44,"36,44",55.00
2962,36.50,"36,50",55.00
2963,36.44,"36,44",55.00
2964,36.44,"36,44",55.00
2965,36.44,"36,44",55.00
2966,36.44,"36,44",55.00
2967,36.44,"36,44",55.00
2968,36.44,"36,44",55.00
2969,36.44,"36,44",55.00
2970,36.44,"36,44",55.00
2971,36.50,"36,50",55.00
2972,36.44,"36,44",55.00
2973,36.50,"36,50",55.00
2974,36.44,"36,44",55.00
2975,36.50,"36,50",55.00
2976,36.44,"36,44",55.00
2977,36.44,"36,44",55.00
2978,36.44,"36,44",55.00
2979,36.50,"36,50",55.00
2980,36.44,"36,44",55.00
2981,36.44,"36,44",55.00
2982,36.44,"36,44",55.00
2983,36.50,"36,50",55.00
2984,36.50,"36,50",55.00
2985,36.44,"36,44",55.00
2986,36.44,"36,44",55.00
2987,36.44,"36,44",55.00
2988,36.44,"36,44",55.00
2989,36.44,"36,44",55.00
2990,36.44,"36,44",55.00
2991,36.44,"36,44",55.00
2992,36.44,"36,44",55.00
2993,36.44,"36,44",55.00
2994,36.50,"36,50",55.00
2995,36.44,"36,44",55.00
2996,36.50,"36,50",55.00
2997,36.50,"36,50",55.00
2998,36.50,"36,50",55.00
2999,36.50,"36,50",55.00
3000,36.50,"36,50",55.00
3001,36.50,"36,50",55.00
3002,36.50,"36,50",55.00
3003,36.50,"36,50",55.00
3004,36.50,"36,50",55.00
3005,36.50,"36,50",55.00
3006,36.50,"36,50",55.00
3007,36.50,"36,50",55.00
3008,36.50,"36,50",55.00
3009,36.50,"36,50",55.00
3010,36.50,"36,50",55.00
3011,36.50,"36,50",55.00
3012,36.50,"36,50",55.00
3013,36.50,"36,50",55.00
3014,36.50,"36,50",55.00
3015,36.56,"36,56",55.00
3016,36.50,"36,50",55.00
3017,36.50,"36,50",55.00
3018,36.50,"36,50",55.00
3019,36.50,"36,50",55.00
3020,36.50,"36,50",55.00
3021,36.50,"36,50",55.00
3022,36.50,"36,50",45.00
3023,36.50,"36,50",45.00
3024,36.50,"36,50",45.00
3025,36.44,"36,44",45.00
3026,36.44,"36,44",45.00
3027,36.38,"36,38",45.00
3028,36.31,"36,31",45.00
3029,36.31,"36,31",45.00
3030,36.19,"36,19",45.00
3031,36.13,"36,13",45.00
3032,36.13,"36,13",45.00
3033,36.06,"36,06",45.00
3034,36.00,"36,00",45.00
3035,36.00,"36,00",45.00
3036,35.94,"35,94",45.00
3037,35.88,"35,88",45.00
3038,35.81,"35,81",45.00
3039,35.81,"35,81",45.00
3040,35.75,"35,75",45.00
3041,35.69,"35,69",45.00
3042,35.69,"35,69",45.00
3043,35.63,"35,63",45.00
3044,35.63,"35,63",45.00
3045,35.56,"35,56",45.00
3046,35.56,"35,56",45.00
3047,35.50,"35,50",45.00
3048,35.44,"35,44",45.00
3049,35.44,"35,44",45.00
3050,35.44,"35,44",45.00
3051,35.38,"35,38",45.00
3052,35.38,"35,38",45.00
3053,35.31,"35,31",45.00
3054,35.31,"35,31",45.00
3055,35.25,"35,25",45.00
3056,35.25,"35,25",45.00
3057,35.19,"35,19",45.00
3058,35.19,"35,19",45.00
3059,35.19,"35,19",45.00
3060,35.13,"35,13",45.00
3061,35.06,"35,06",45.00
3062,35.06,"35,06",45.00
3063,35.06,"35,06",45.00
3064,35.00,"35,00",45.00
3065,35.00,"35,00",45.00
3066,35.00,"35,00",45.00
3067,35.00,"35,00",45.00
3068,34.94,"34,94",45.00
3069,34.88,"34,88",45.00
3070,34.88,"34,88",45.00
3071,34.88,"34,88",45.00
3072,34.81,"34,81",45.00
3073,34.81,"34,81",45.00
3074,34.75,"34,75",45.00
3075,34.75,"34,75",45.00
3076,34.69,"34,69",45.00
3077,34.75,"34,75",45.00
3078,34.69,"34,69",45.00
3079,34.69,"34,69",45.00
3080,34.63,"34,63",45.00
3081,34.63,"34,63",45.00
3082,34.56,"34,56",45.00
3083,34.56,"34,56",45.00
3084,34.56,"34,56",45.00
3085,34.56,"34,56",45.00
3086,34.50,"34,50",45.00
3087,34.50,"34,50",45.00
3088,34.50,"34,50",45.00
3089,34.50,"34,50",45.00
3090,34.50,"34,50",45.00
3091,34.50,"34,50",45.00
3092,34.44,"34,44",45.00
3093,34.44,"34,44",45.00
3094,34.38,"34,38",45.00
3095,34.38,"34,38",45.00
3096,34.38,"34,38",45.00
3097,34.44,"34,44",45.00
3098,34.38,"34,38",45.00
3099,34.38,"34,38",45.00
3100,34.38,"34,38",45.00
3101,34.31,"34,31",45.00
3102,34.31,"34,31",45.00
3103,34.31,"34,31",45.00
3104,34.25,"34,25",45.00
3105,34.25,"34,25",45.00
3106,34.25,"34,25",45.00
3107,34.25,"34,25",45.00
3108,34.25,"34,25",45.00
3109,34.25,"34,25",45.00
3110,34.19,"34,19",45.00
3111,34.19,"34,19",45.00
3112,34.19,"34,19",45.00
3113,34.19,"34,19",45.00
3114,34.13,"34,13",45.00
3115,34.13,"34,13",45.00
3116,34.13,"34,13",45.00
3117,34.13,"34,13",45.00
3118,34.13,"34,13",45.00
3119,34.13,"34,13",45.00
3120,34.13,"34,13",45.00
3121,34.13,"34,13",45.00
3122,34.13,"34,13",45.00
3123,34.06,"34,06",45.00
3124,34.06,"34,06",45.00
3125,34.06,"34,06",45.00
3126,34.00,"34,00",45.00
3127,34.06,"34,06",45.00
3128,34.06,"34,06",45.00
3129,34.06,"34,06",45.00
3130,34.00,"34,00",45.00
3131,34.00,"34,00",45.00
3132,34.00,"34,00",45.00
3133,34.00,"34,00",45.00
3134,33.94,"33,94",45.00
3135,33.94,"33,94",45.00
3136,33.94,"33,94",45.00
3137,34.00,"34,00",45.00
3138,33.94,"33,94",45.00
3139,33.94,"33,94",45.00
3140,33.94,"33,94",45.00
3141,33.88,"33,88",45.00
3142,33.94,"33,94",45.00
3143,33.94,"33,94",45.00
3144,33.94,"33,94",45.00
3145,33.88,"33,88",45.00
3146,33.88,"33,88",45.00
3147,33.88,"33,88",45.00
3148,33.88,"33,88",45.00
3149,33.88,"33,88",45.00
3150,33.88,"33,88",45.00
3151,33.88,"33,88",45.00
3152,33.81,"33,81",45.00
3153,33.88,"33,88",45.00
3154,33.81,"33,81",45.00
3155,33.81,"33,81",45.00
3156,33.81,"33,81",45.00
3157,33.75,"33,75",45.00
3158,33.81,"33,81",45.00
3159,33.81,"33,81",45.00
3160,33.75,"33,75",45.00
3161,33.81,"33,81",45.00
3162,33.75,"33,75",45.00
3163,33.75,"33,75",45.00
3164,33.75,"33,75",45.00
3165,33.75,"33,75",45.00
3166,33.81,"33,81",45.00
3167,33.75,"33,75",45.00
3168,33.81,"33,81",45.00
3169,33.75,"33,75",45.00
3170,33.75,"33,75",45.00
3171,33.75,"33,75",45.00
3172,33.75,"33,75",45.00
3173,33.69,"33,69",45.00
3174,33.69,"33,69",45.00
3175,33.69,"33,69",45.00
3176,33.69,"33,69",45.00
3177,33.69,"33,69",45.00
3178,33.69,"33,69",45.00
3179,33.69,"33,69",45.00
3180,33.69,"33,69",45.00
3181,33.69,"33,69",45.00
3182,33.69,"33,69",45.00
3183,33.63,"33,63",45.00
3184,33.63,"33,63",45.00
3185,33.63,"33,63",45.00
3186,33.69,"33,69",45.00
3187,33.63,"33,63",45.00
3188,33.63,"33,63",45.00
3189,33.63,"33,63",45.00
3190,33.69,"33,69",45.00
3191,33.63,"33,63",45.00
3192,33.63,"33,63",45.00
3193,33.63,"33,63",45.00
3194,33.63,"33,63",45.00
3195,33.56,"33,56",45.00
3196,33.63,"33,63",45.00
3197,33.63,"33,63",45.00
3198,33.56,"33,56",45.00
3199,33.63,"33,63",45.00
3200,33.63,"33,63",45.00
3201,33.56,"33,56",45.00
3202,33.63,"33,63",45.00
3203,33.56,"33,56",45.00
3204,33.56,"33,56",45.00
3205,33.56,"33,56",45.00
3206,33.56,"33,56",45.00
3207,33.56,"33,56",45.00
3208,33.56,"33,56",45.00
3209,33.56,"33,56",45.00
3210,33.56,"33,56",45.00
3211,33.50,"33,50",45.00
3212,33.50,"33,50",45.00
3213,33.50,"33,50",45.00
3214,33.50,"33,50",45.00
3215,33.50,"33,50",45.00
3216,33.50,"33,50",45.00
3217,33.50,"33,50",45.00
3218,33.50,"33,50",45.00
3219,33.50,"33,50",45.00
3220,33.50,"33,50",45.00
3221,33.50,"33,50",45.00
3222,33.44,"33,44",45.00
3223,33.50,"33,50",45.00
3224,33.50,"33,50",45.00
3225,33.50,"33,50",45.00
3226,33.50,"33,50",45.00
3227,33.50,"33,50",45.00
3228,33.44,"33,44",45.00
3229,33.44,"33,44",45.00
3230,33.44,"33,44",45.00
3231,33.44,"33,44",45.00
3232,33.44,"33,44",45.00
3233,33.44,"33,44",45.00
3234,33.44,"33,44",45.00
3235,33.44,"33,44",45.00
3236,33.44,"33,44",45.00
3237,33.44,"33,44",45.00
3238,33.44,"33,44",45.00
3239,33.38,"33,38",45.00
3240,33.44,"33,44",45.00
3241,33.44,"33,44",45.00
3242,33.44,"33,44",45.00
3243,33.44,"33,44",45.00
3244,33.44,"33,44",45.00
3245,33.38,"33,38",45.00
3246,33.38,"33,38",45.00
3247,33.38,"33,38",45.00
3248,33.38,"33,38",45.00
3249,33.38,"33,38",45.00
3250,33.38,"33,38",45.00
3251,33.44,"33,44",45.00
3252,33.38,"33,38",45.00
3253,33.38,"33,38",45.00
3254,33.38,"33,38",45.00
3255,33.38,"33,38",45.00
3256,33.38,"33,38",45.00
3257,33.38,"33,38",45.00
3258,33.38,"33,38",45.00
3259,33.38,"33,38",45.00
3260,33.38,"33,38",45.00
3261,33.38,"33,38",45.00
3262,33.38,"33,38",45.00
3263,33.38,"33,38",45.00
3264,33.31,"33,31",45.00
3265,33.31,"33,31",45.00
3266,33.31,"33,31",45.00
3267,33.31,"33,31",45.00
3268,33.31,"33,31",45.00
3269,33.31,"33,31",45.00
3270,33.31,"33,31",45.00
3271,33.38,"33,38",45.00
3272,33.31,"33,31",45.00
3273,33.31,"33,31",45.00
3274,33.31,"33,31",45.00
3275,33.31,"33,31",45.00
3276,33.31,"33,31",45.00
3277,33.31,"33,31",45.00
3278,33.31,"33,31",45.00
3279,33.31,"33,31",45.00
3280,33.31,"33,31",45.00
3281,33.31,"33,31",45.00
3282,33.31,"33,31",45.00
3283,33.31,"33,31",45.00
3284,33.31,"33,31",45.00
3285,33.31,"33,31",45.00
3286,33.31,"33,31",45.00
3287,33.31,"33,31",45.00
3288,33.31,"33,31",45.00
3289,33.31,"33,31",45.00
3290,33.31,"33,31",45.00
3291,33.31,"33,31",45.00
3292,33.31,"33,31",45.00
3293,33.31,"33,31",45.00
3294,33.31,"33,31",45.00
3295,33.31,"33,31",45.00
3296,33.31,"33,31",45.00
3297,33.31,"33,31",45.00
3298,33.31,"33,31",45.00
3299,33.31,"33,31",45.00
3300,33.31,"33,31",45.00
3301,33.31,"33,31",45.00
3302,33.31,"33,31",45.00
3303,33.31,"33,31",45.00
3304,33.31,"33,31",45.00
3305,33.25,"33,25",45.00
3306,33.31,"33,31",45.00
3307,33.31,"33,31",45.00
3308,33.25,"33,25",45.00
3309,33.25,"33,25",45.00
3310,33.25,"33,25",45.00
3311,33.25,"33,25",45.00
3312,33.25,"33,25",45.00
3313,33.31,"33,31",45.00
3314,33.25,"33,25",45.00
3315,33.31,"33,31",45.00
3316,33.31,"33,31",45.00
3317,33.31,"33,31",45.00
3318,33.31,"33,31",45.00
3319,33.31,"33,31",45.00
3320,33.31,"33,31",45.00
3321,33.25,"33,25",45.00
3322,33.31,"33,31",45.00
3323,33.31,"33,31",45.00
3324,33.25,"33,25",45.00
3325,33.25,"33,25",45.00
3326,33.31,"33,31",45.00
3327,33.25,"33,25",45.00
3328,33.31,"33,31",45.00
3329,33.25,"33,25",45.00
3330,33.31,"33,31",45.00
3331,33.31,"33,31",45.00
3332,33.25,"33,25",45.00
3333,33.31,"33,31",45.00
3334,33.31,"33,31",45.00
3335,33.31,"33,31",45.00
3336,33.31,"33,31",45.00
3337,33.31,"33,31",45.00
3338,33.31,"33,31",45.00
3339,33.31,"33,31",45.00
3340,33.31,"33,31",45.00
3341,33.31,"33,31",45.00
3342,33.31,"33,31",45.00
3343,33.25,"33,25",45.00
3344,33.25,"33,25",45.00
3345,33.25,"33,25",45.00
3346,33.25,"33,25",45.00
3347,33.25,"33,25",45.00
3348,33.25,"33,25",45.00
3349,33.25,"33,25",45.00
3350,33.25,"33,25",45.00
3351,33.25,"33,25",45.00
3352,33.25,"33,25",45.00
3353,33.25,"33,25",45.00
3354,33.25,"33,25",45.00
3355,33.31,"33,31",45.00
3356,33.25,"33,25",45.00
3357,33.25,"33,25",45.00
3358,33.25,"33,25",45.00
3359,33.25,"33,25",45.00
3360,33.25,"33,25",45.00
3361,33.19,"33,19",45.00
3362,33.25,"33,25",45.00
3363,33.19,"33,19",45.00
3364,33.19,"33,19",45.00
3365,33.25,"33,25",45.00
3366,33.25,"33,25",45.00
3367,33.25,"33,25",45.00
3368,33.25,"33,25",45.00
3369,33.25,"33,25",45.00
3370,33.25,"33,25",45.00
3371,33.25,"33,25",45.00
3372,33.25,"33,25",45.00
3373,33.25,"33,25",45.00
3374,33.25,"33,25",45.00
3375,33.25,"33,25",45.00
3376,33.25,"33,25",45.00
3377,33.19,"33,19",45.00
3378,33.25,"33,25",45.00
3379,33.25,"33,25",45.00
3380,33.25,"33,25",45.00
3381,33.25,"33,25",45.00
3382,33.25,"33,25",45.00
3383,33.19,"33,19",45.00
3384,33.19,"33,19",45.00
3385,33.25,"33,25",45.00
3386,33.19,"33,19",45.00
3387,33.25,"33,25",45.00
3388,33.19,"33,19",45.00
3389,33.19,"33,19",45.00
3390,33.25,"33,25",45.00
3391,33.25,"33,25",45.00
3392,33.19,"33,19",45.00
3393,33.19,"33,19",45.00
3394,33.25,"33,25",45.00
3395,33.25,"33,25",45.00
3396,33.19,"33,19",45.00
3397,33.25,"33,25",45.00
3398,33.19,"33,19",45.00
3399,33.25,"33,25",45.00
3400,33.19,"33,19",45.00
3401,33.19,"33,19",45.00
3402,33.19,"33,19",45.00
3403,33.25,"33,25",45.00
3404,33.19,"33,19",45.00
3405,33.19,"33,19",45.00
3406,33.19,"33,19",45.00
3407,33.19,"33,19",45.00
3408,33.19,"33,19",45.00
3409,33.25,"33,25",45.00
3410,33.19,"33,19",45.00
3411,33.19,"33,19",45.00
3412,33.19,"33,19",45.00
3413,33.19,"33,19",45.00
3414,33.19,"33,19",45.00
3415,33.19,"33,19",45.00
3416,33.25,"33,25",45.00
3417,33.19,"33,19",45.00
3418,33.25,"33,25",45.00
3419,33.19,"33,19",45.00
3420,33.19,"33,19",45.00
3421,33.19,"33,19",45.00
3422,33.19,"33,19",45.00
3423,33.19,"33,19",45.00
3424,33.19,"33,19",45.00
3425,33.19,"33,19",45.00
3426,33.19,"33,19",45.00
3427,33.19,"33,19",45.00
3428,33.19,"33,19",45.00
3429,33.19,"33,19",45.00
3430,33.19,"33,19",45.00
3431,33.19,"33,19",45.00
3432,33.19,"33,19",45.00
3433,33.19,"33,19",45.00
3434,33.19,"33,19",45.00
3435,33.19,"33,19",45.00
3436,33.19,"33,19",45.00
3437,33.19,"33,19",45.00
3438,33.19,"33,19",45.00
3439,33.19,"33,19",45.00
3440,33.13,"33,13",45.00
3441,33.19,"33,19",45.00
3442,33.19,"33,19",45.00
3443,33.19,"33,19",45.00
3444,33.19,"33,19",45.00
3445,33.19,"33,19",45.00
3446,33.25,"33,25",45.00
3447,33.19,"33,19",45.00
3448,33.19,"33,19",45.00
3449,33.25,"33,25",45.00
3450,33.19,"33,19",45.00
3451,33.19,"33,19",45.00
3452,33.19,"33,19",45.00
3453,33.19,"33,19",45.00
3454,33.19,"33,19",45.00
3455,33.19,"33,19",45.00
3456,33.19,"33,19",45.00
3457,33.19,"33,19",45.00
3458,33.19,"33,19",45.00
3459,33.19,"33,19",45.00
3460,33.13,"33,13",45.00
3461,33.19,"33,19",45.00
3462,33.13,"33,13",45.00
3463,33.19,"33,19",45.00
3464,33.19,"33,19",45.00
3465,33.19,"33,19",45.00
3466,33.19,"33,19",45.00
3467,33.19,"33,19",45.00
3468,33.19,"33,19",45.00
3469,33.19,"33,19",45.00
3470,33.19,"33,19",45.00
3471,33.19,"33,19",45.00
3472,33.19,"33,19",45.00
3473,33.19,"33,19",45.00
3474,33.19,"33,19",45.00
3475,33.19,"33,19",45.00
3476,33.19,"33,19",45.00
3477,33.13,"33,13",45.00
3478,33.19,"33,19",45.00
3479,33.19,"33,19",45.00
3480,33.19,"33,19",45.00
3481,33.19,"33,19",45.00
3482,33.19,"33,19",45.00
3483,33.19,"33,19",45.00
3484,33.19,"33,19",45.00
3485,33.19,"33,19",45.00
3486,33.13,"33,13",45.00
3487,33.19,"33,19",45.00
3488,33.19,"33,19",45.00
3489,33.13,"33,13",45.00
3490,33.13,"33,13",45.00
3491,33.19,"33,19",45.00
3492,33.19,"33,19",45.00
3493,33.13,"33,13",45.00
3494,33.19,"33,19",45.00
3495,33.19,"33,19",45.00
3496,33.13,"33,13",45.00
3497,33.19,"33,19",45.00
3498,33.19,"33,19",45.00
3499,33.13,"33,13",45.00
3500,33.13,"33,13",45.00
3501,33.13,"33,13",45.00
3502,33.13,"33,13",45.00
3503,33.19,"33,19",45.00
3504,33.19,"33,19",45.00
3505,33.13,"33,13",45.00
3506,33.19,"33,19",45.00
3507,33.19,"33,19",45.00
3508,33.13,"33,13",45.00
3509,33.13,"33,13",45.00
3510,33.06,"33,06",45.00
3511,33.13,"33,13",45.00
3512,33.13,"33,13",45.00
3513,33.13,"33,13",45.00
3514,33.13,"33,13",45.00
3515,33.13,"33,13",45.00
3516,33.06,"33,06",45.00
3517,33.13,"33,13",45.00
3518,33.06,"33,06",45.00
3519,33.13,"33,13",45.00
3520,33.13,"33,13",45.00
3521,33.13,"33,13",45.00
3522,33.06,"33,06",45.00
3523,33.06,"33,06",45.00
3524,33.13,"33,13",45.00
3525,33.06,"33,06",45.00
3526,33.06,"33,06",45.00
3527,33.06,"33,06",45.00
3528,33.06,"33,06",45.00
3529,33.06,"33,06",45.00
3530,33.06,"33,06",45.00
3531,33.06,"33,06",45.00
3532,33.06,"33,06",45.00
3533,33.06,"33,06",45.00
3534,33.06,"33,06",45.00
3535,33.06,"33,06",45.00
3536,33.06,"33,06",45.00
3537,33.13,"33,13",45.00
3538,33.06,"33,06",45.00
3539,33.06,"33,06",45.00
3540,33.06,"33,06",45.00
3541,33.06,"33,06",45.00
3542,33.06,"33,06",45.00
3543,33.06,"33,06",45.00
3544,33.06,"33,06",45.00
3545,33.06,"33,06",45.00
3546,33.06,"33,06",45.00
3547,33.13,"33,13",45.00
3548,33.06,"33,06",45.00
3549,33.06,"33,06",45.00
3550,33.06,"33,06",45.00
3551,33.06,"33,06",45.00
3552,33.06,"33,06",45.00
3553,33.06,"33,06",45.00
3554,33.06,"33,06",45.00
3555,33.06,"33,06",45.00
3556,33.00,"33,00",45.00
3557,33.06,"33,06",45.00
3558,33.06,"33,06",45.00
3559,33.06,"33,06",45.00
3560,33.06,"33,06",45.00
3561,33.06,"33,06",45.00
3562,33.06,"33,06",45.00
3563,33.06,"33,06",45.00
3564,33.06,"33,06",45.00
3565,33.06,"33,06",45.00
3566,33.06,"33,06",45.00
3567,33.13,"33,13",45.00
3568,33.06,"33,06",45.00
3569,33.06,"33,06",45.00
3570,33.06,"33,06",45.00
3571,33.00,"33,00",45.00
3572,33.06,"33,06",45.00
3573,33.00,"33,00",45.00
3574,33.06,"33,06",45.00
3575,33.06,"33,06",45.00
3576,33.06,"33,06",45.00
3577,33.06,"33,06",45.00
3578,33.13,"33,13",45.00
3579,33.06,"33,06",45.00
3580,33.06,"33,06",45.00
3581,33.06,"33,06",45.00
3582,33.06,"33,06",45.00
3583,33.06,"33,06",45.00
3584,33.06,"33,06",45.00
3585,33.13,"33,13",45.00
3586,33.06,"33,06",45.00
3587,33.13,"33,13",45.00
3588,33.06,"33,06",45.00
3589,33.06,"33,06",45.00
3590,33.13,"33,13",45.00
3591,33.06,"33,06",45.00
3592,33.06,"33,06",45.00
3593,33.06,"33,06",45.00
3594,33.06,"33,06",45.00
3595,33.06,"33,06",45.00
3596,33.06,"33,06",45.00
3597,33.13,"33,13",45.00
3598,33.06,"33,06",45.00
3599,33.13,"33,13",45.00
3600,33.13,"33,13",45.00
3601,33.06,"33,06",45.00
3602,33.06,"33,06",45.00
3603,33.13,"33,13",45.00
3604,33.13,"33,13",45.00
3605,33.06,"33,06",45.00
3606,33.06,"33,06",45.00
3607,33.06,"33,06",45.00
3608,33.06,"33,06",45.00
3609,33.06,"33,06",45.00
3610,33.06,"33,06",45.00
3611,33.06,"33,06",45.00
3612,33.13,"33,13",45.00
3613,33.06,"33,06",45.00
3614,33.06,"33,06",45.00
3615,33.06,"33,06",45.00
3616,33.13,"33,13",45.00
3617,33.06,"33,06",45.00
3618,33.13,"33,13",45.00
3619,33.13,"33,13",45.00
3620,33.13,"33,13",45.00
3621,33.13,"33,13",45.00
3622,33.06,"33,06",45.00
3623,33.13,"33,13",45.00
3624,33.06,"33,06",45.00
3625,33.06,"33,06",45.00